Datetime,Water Level (m)
2025-11-14 00:00:00,-0.11256201
2025-11-14 01:00:00,0.21041083
2025-11-14 02:00:00,0.55233115
2025-11-14 03:00:00,0.83833444
2025-11-14 04:00:00,0.9501683
2025-11-14 05:00:00,0.8562109
2025-11-14 06:00:00,0.5495567
2025-11-14 07:00:00,0.14730698
2025-11-14 08:00:00,-0.2694709
2025-11-14 09:00:00,-0.66536486
2025-11-14 10:00:00,-0.9254073
2025-11-14 11:00:00,-0.8430011
2025-11-14 12:00:00,-0.48056403
2025-11-14 13:00:00,-0.0882156
2025-11-14 14:00:00,0.30775258
2025-11-14 15:00:00,0.7090415
2025-11-14 16:00:00,1.0020515
2025-11-14 17:00:00,1.1008978
2025-11-14 18:00:00,0.95116544
2025-11-14 19:00:00,0.6108603
2025-11-14 20:00:00,0.19644511
2025-11-14 21:00:00,-0.20895684
2025-11-14 22:00:00,-0.56290317
2025-11-14 23:00:00,-0.7353415
2025-11-15 00:00:00,-0.57230496
2025-11-15 01:00:00,-0.221995
2025-11-15 02:00:00,0.14009964
2025-11-15 03:00:00,0.52184623
2025-11-15 04:00:00,0.8575563
2025-11-15 05:00:00,1.0090966
2025-11-15 06:00:00,0.9151448
2025-11-15 07:00:00,0.5979476
2025-11-15 08:00:00,0.17352067
2025-11-15 09:00:00,-0.2739004
2025-11-15 10:00:00,-0.6923135
2025-11-15 11:00:00,-0.9712002
2025-11-15 12:00:00,-0.857056
2025-11-15 13:00:00,-0.4437298
2025-11-15 14:00:00,-0.0126009565
2025-11-15 15:00:00,0.4098523
2025-11-15 16:00:00,0.8541225
2025-11-15 17:00:00,1.1311315
2025-11-15 18:00:00,1.2019359
2025-11-15 19:00:00,1.0023979
2025-11-15 20:00:00,0.61532384
2025-11-15 21:00:00,0.17181155
2025-11-15 22:00:00,-0.2805216
2025-11-15 23:00:00,-0.6734159
2025-11-16 00:00:00,-0.8378883
2025-11-16 01:00:00,-0.6223469
2025-11-16 02:00:00,-0.22851591
2025-11-16 03:00:00,0.15522918
2025-11-16 04:00:00,0.55525416
2025-11-16 05:00:00,0.8839727
2025-11-16 06:00:00,1.0234101
2025-11-16 07:00:00,0.8847475
2025-11-16 08:00:00,0.5309449
2025-11-16 09:00:00,0.095347434
2025-11-16 10:00:00,-0.3811316
2025-11-16 11:00:00,-0.777703
2025-11-16 12:00:00,-0.99899834
2025-11-16 13:00:00,-0.69522077
2025-11-16 14:00:00,-0.25870496
2025-11-16 15:00:00,0.18263002
2025-11-16 16:00:00,0.64493734
2025-11-16 17:00:00,1.0624499
2025-11-16 18:00:00,1.3067849
2025-11-16 19:00:00,1.2816268
2025-11-16 20:00:00,0.9921775
2025-11-16 21:00:00,0.54421526
2025-11-16 22:00:00,0.07422251
2025-11-16 23:00:00,-0.4044633
2025-11-17 00:00:00,-0.7757776
2025-11-17 01:00:00,-0.86148965
2025-11-17 02:00:00,-0.5066667
2025-11-17 03:00:00,-0.08819951
2025-11-17 04:00:00,0.3088277
2025-11-17 05:00:00,0.7198755
2025-11-17 06:00:00,1.0034811
2025-11-17 07:00:00,1.0515087
2025-11-17 08:00:00,0.8145878
2025-11-17 09:00:00,0.39906427
2025-11-17 10:00:00,-0.0575471
2025-11-17 11:00:00,-0.5349077
2025-11-17 12:00:00,-0.9038705
2025-11-17 13:00:00,-0.96088785
2025-11-17 14:00:00,-0.50850517
2025-11-17 15:00:00,-0.03144554
2025-11-17 16:00:00,0.43304232
2025-11-17 17:00:00,0.9022991
2025-11-17 18:00:00,1.2846339
2025-11-17 19:00:00,1.4322935
2025-11-17 20:00:00,1.2697186
2025-11-17 21:00:00,0.8766854
2025-11-17 22:00:00,0.3701547
2025-11-17 23:00:00,-0.13214087
2025-11-18 00:00:00,-0.6017843
2025-11-18 01:00:00,-0.9271542
2025-11-18 02:00:00,-0.79243416
2025-11-18 03:00:00,-0.3468474
2025-11-18 04:00:00,0.07948098
2025-11-18 05:00:00,0.48136324
2025-11-18 06:00:00,0.8762711
2025-11-18 07:00:00,1.0745864
2025-11-18 08:00:00,1.0007138
2025-11-18 09:00:00,0.6729846
2025-11-18 10:00:00,0.21853887
2025-11-18 11:00:00,-0.27190855
2025-11-18 12:00:00,-0.73227704
2025-11-18 13:00:00,-1.036196
2025-11-18 14:00:00,-0.7573396
2025-11-18 15:00:00,-0.2527532
2025-11-18 16:00:00,0.2371124
2025-11-18 17:00:00,0.7320031
2025-11-18 18:00:00,1.1740878
2025-11-18 19:00:00,1.4692916
2025-11-18 20:00:00,1.4670361
2025-11-18 21:00:00,1.1748973
2025-11-18 22:00:00,0.69842786
2025-11-18 23:00:00,0.19098175
2025-11-19 00:00:00,-0.3220986
2025-11-19 01:00:00,-0.76996607
2025-11-19 02:00:00,-0.9681596
2025-11-19 03:00:00,-0.5836251
2025-11-19 04:00:00,-0.13619725
2025-11-19 05:00:00,0.28537863
2025-11-19 06:00:00,0.7053105
2025-11-19 07:00:00,1.028345
2025-11-19 08:00:00,1.1029017
2025-11-19 09:00:00,0.8816946
2025-11-19 10:00:00,0.46520656
2025-11-19 11:00:00,-0.007853301
2025-11-19 12:00:00,-0.51029277
2025-11-19 13:00:00,-0.9166126
2025-11-19 14:00:00,-1.0192585
2025-11-19 15:00:00,-0.5193119
2025-11-19 16:00:00,-0.007896228
2025-11-19 17:00:00,0.49050528
2025-11-19 18:00:00,0.99618536
2025-11-19 19:00:00,1.4002724
2025-11-19 20:00:00,1.580304
2025-11-19 21:00:00,1.4212722
2025-11-19 22:00:00,1.0150443
2025-11-19 23:00:00,0.4873345
2025-11-20 00:00:00,-0.02176444
